,Winter period,,,,,Summer period,,,
,Time from,Time to,Heat Demand,Electricity Price,,Time from,Time to,Heat Demand,Electricity Price
,DKK local time,DKK local time,MWh,DKK / Mwh(el),,DKK local time,DKK local time,MWh,DKK / Mwh(el)
,05.01.2026 00:00,05.01.2026 01:00,8.27,690.58,,08.09.2025 00:00,08.09.2025 01:00,3.58,515.04
,05.01.2026 01:00,05.01.2026 02:00,8.56,663.66,,08.09.2025 01:00,08.09.2025 02:00,3.69,525.78
,05.01.2026 02:00,05.01.2026 03:00,8.72,646.18,,08.09.2025 02:00,08.09.2025 03:00,3.52,525.26
,05.01.2026 03:00,05.01.2026 04:00,8.80,644.72,,08.09.2025 03:00,08.09.2025 04:00,3.35,540.48
,05.01.2026 04:00,05.01.2026 05:00,9.65,653.55,,08.09.2025 04:00,08.09.2025 05:00,3.46,559.05
,05.01.2026 05:00,05.01.2026 06:00,9.81,678.67,,08.09.2025 05:00,08.09.2025 06:00,3.58,703.40
,05.01.2026 06:00,05.01.2026 07:00,10.18,814.35,,08.09.2025 06:00,08.09.2025 07:00,3.64,794.42
,05.01.2026 07:00,05.01.2026 08:00,9.52,965.91,,08.09.2025 07:00,08.09.2025 08:00,3.62,847.08
,05.01.2026 08:00,05.01.2026 09:00,9.43,1129.22,,08.09.2025 08:00,08.09.2025 09:00,3.69,759.80
,05.01.2026 09:00,05.01.2026 10:00,9.50,1136.50,,08.09.2025 09:00,08.09.2025 10:00,3.76,640.29
,05.01.2026 10:00,05.01.2026 11:00,9.69,1087.85,,08.09.2025 10:00,08.09.2025 11:00,4.00,551.37
,05.01.2026 11:00,05.01.2026 12:00,8.82,1021.11,,08.09.2025 11:00,08.09.2025 12:00,3.73,474.61
,05.01.2026 12:00,05.01.2026 13:00,8.35,1004.16,,08.09.2025 12:00,08.09.2025 13:00,3.57,432.83
,05.01.2026 13:00,05.01.2026 14:00,8.42,1005.26,,08.09.2025 13:00,08.09.2025 14:00,3.20,489.45
,05.01.2026 14:00,05.01.2026 15:00,8.55,1052.26,,08.09.2025 14:00,08.09.2025 15:00,3.13,538.31
,05.01.2026 15:00,05.01.2026 16:00,9.12,1125.52,,08.09.2025 15:00,08.09.2025 16:00,3.09,672.00
,05.01.2026 16:00,05.01.2026 17:00,9.24,1359.80,,08.09.2025 16:00,08.09.2025 17:00,3.15,927.13
,05.01.2026 17:00,05.01.2026 18:00,9.60,1670.05,,08.09.2025 17:00,08.09.2025 18:00,3.06,1466.71
,05.01.2026 18:00,05.01.2026 19:00,9.22,1596.51,,08.09.2025 18:00,08.09.2025 19:00,3.04,3085.90
,05.01.2026 19:00,05.01.2026 20:00,9.25,1365.46,,08.09.2025 19:00,08.09.2025 20:00,3.00,2301.56
,05.01.2026 20:00,05.01.2026 21:00,9.45,1098.29,,08.09.2025 20:00,08.09.2025 21:00,2.99,1133.92
,05.01.2026 21:00,05.01.2026 22:00,9.61,964.34,,08.09.2025 21:00,08.09.2025 22:00,2.97,924.52
,05.01.2026 22:00,05.01.2026 23:00,9.57,925.11,,08.09.2025 22:00,08.09.2025 23:00,3.03,843.88
,05.01.2026 23:00,06.01.2026 00:00,9.42,831.37,,08.09.2025 23:00,09.09.2025 00:00,3.10,854.32
,06.01.2026 00:00,06.01.2026 01:00,9.48,782.02,,09.09.2025 00:00,09.09.2025 01:00,3.08,838.95
,06.01.2026 01:00,06.01.2026 02:00,9.60,781.31,,09.09.2025 01:00,09.09.2025 02:00,2.95,823.21
,06.01.2026 02:00,06.01.2026 03:00,9.64,758.49,,09.09.2025 02:00,09.09.2025 03:00,2.82,819.11
,06.01.2026 03:00,06.01.2026 04:00,9.63,747.60,,09.09.2025 03:00,09.09.2025 04:00,2.87,820.53
,06.01.2026 04:00,06.01.2026 05:00,10.19,765.27,,09.09.2025 04:00,09.09.2025 05:00,2.86,881.62
,06.01.2026 05:00,06.01.2026 06:00,10.56,799.24,,09.09.2025 05:00,09.09.2025 06:00,2.91,1360.63
,06.01.2026 06:00,06.01.2026 07:00,10.63,905.96,,09.09.2025 06:00,09.09.2025 07:00,2.94,2189.51
,06.01.2026 07:00,06.01.2026 08:00,9.74,1034.51,,09.09.2025 07:00,09.09.2025 08:00,3.01,1469.47
,06.01.2026 08:00,06.01.2026 09:00,9.54,1226.38,,09.09.2025 08:00,09.09.2025 09:00,3.24,951.82
,06.01.2026 09:00,06.01.2026 10:00,9.63,1261.00,,09.09.2025 09:00,09.09.2025 10:00,3.40,758.91
,06.01.2026 10:00,06.01.2026 11:00,9.55,1156.60,,09.09.2025 10:00,09.09.2025 11:00,3.47,737.94
,06.01.2026 11:00,06.01.2026 12:00,8.74,1100.00,,09.09.2025 11:00,09.09.2025 12:00,3.36,639.17
,06.01.2026 12:00,06.01.2026 13:00,7.99,1004.59,,09.09.2025 12:00,09.09.2025 13:00,3.15,620.90
,06.01.2026 13:00,06.01.2026 14:00,7.78,972.55,,09.09.2025 13:00,09.09.2025 14:00,2.91,618.73
,06.01.2026 14:00,06.01.2026 15:00,7.85,976.28,,09.09.2025 14:00,09.09.2025 15:00,2.87,668.42
,06.01.2026 15:00,06.01.2026 16:00,8.47,1023.21,,09.09.2025 15:00,09.09.2025 16:00,2.84,745.70
,06.01.2026 16:00,06.01.2026 17:00,8.76,1083.13,,09.09.2025 16:00,09.09.2025 17:00,2.94,950.48
,06.01.2026 17:00,06.01.2026 18:00,8.97,1142.78,,09.09.2025 17:00,09.09.2025 18:00,2.93,1437.39
,06.01.2026 18:00,06.01.2026 19:00,8.32,1107.48,,09.09.2025 18:00,09.09.2025 19:00,3.00,2882.54
,06.01.2026 19:00,06.01.2026 20:00,8.40,1039.14,,09.09.2025 19:00,09.09.2025 20:00,3.00,1608.30
,06.01.2026 20:00,06.01.2026 21:00,8.58,908.31,,09.09.2025 20:00,09.09.2025 21:00,2.87,987.48
,06.01.2026 21:00,06.01.2026 22:00,8.54,810.91,,09.09.2025 21:00,09.09.2025 22:00,2.89,848.28
,06.01.2026 22:00,06.01.2026 23:00,8.57,763.55,,09.09.2025 22:00,09.09.2025 23:00,2.87,790.76
,06.01.2026 23:00,07.01.2026 00:00,8.47,693.30,,09.09.2025 23:00,10.09.2025 00:00,2.94,751.37
,07.01.2026 00:00,07.01.2026 01:00,8.50,702.29,,10.09.2025 00:00,10.09.2025 01:00,2.80,754.65
,07.01.2026 01:00,07.01.2026 02:00,8.50,662.11,,10.09.2025 01:00,10.09.2025 02:00,2.64,734.66
,07.01.2026 02:00,07.01.2026 03:00,8.53,635.47,,10.09.2025 02:00,10.09.2025 03:00,2.57,739.81
,07.01.2026 03:00,07.01.2026 04:00,8.69,610.09,,10.09.2025 03:00,10.09.2025 04:00,2.65,747.04
,07.01.2026 04:00,07.01.2026 05:00,9.66,603.62,,10.09.2025 04:00,10.09.2025 05:00,2.70,802.99
,07.01.2026 05:00,07.01.2026 06:00,9.87,634.26,,10.09.2025 05:00,10.09.2025 06:00,2.70,977.56
,07.01.2026 06:00,07.01.2026 07:00,10.13,691.55,,10.09.2025 06:00,10.09.2025 07:00,2.85,1632.32
,07.01.2026 07:00,07.01.2026 08:00,9.52,741.39,,10.09.2025 07:00,10.09.2025 08:00,2.99,1282.52
,07.01.2026 08:00,07.01.2026 09:00,9.55,817.09,,10.09.2025 08:00,10.09.2025 09:00,3.10,939.21
,07.01.2026 09:00,07.01.2026 10:00,9.30,837.84,,10.09.2025 09:00,10.09.2025 10:00,3.16,800.68
,07.01.2026 10:00,07.01.2026 11:00,9.08,809.33,,10.09.2025 10:00,10.09.2025 11:00,3.36,725.11
,07.01.2026 11:00,07.01.2026 12:00,8.78,746.73,,10.09.2025 11:00,10.09.2025 12:00,3.46,599.04
,07.01.2026 12:00,07.01.2026 13:00,8.46,719.70,,10.09.2025 12:00,10.09.2025 13:00,3.36,581.88
,07.01.2026 13:00,07.01.2026 14:00,8.40,696.07,,10.09.2025 13:00,10.09.2025 14:00,3.23,612.47
,07.01.2026 14:00,07.01.2026 15:00,8.63,711.47,,10.09.2025 14:00,10.09.2025 15:00,3.01,620.67
,07.01.2026 15:00,07.01.2026 16:00,9.18,760.95,,10.09.2025 15:00,10.09.2025 16:00,3.06,721.46
,07.01.2026 16:00,07.01.2026 17:00,9.36,794.93,,10.09.2025 16:00,10.09.2025 17:00,2.91,922.50
,07.01.2026 17:00,07.01.2026 18:00,9.31,935.43,,10.09.2025 17:00,10.09.2025 18:00,3.02,1272.60
,07.01.2026 18:00,07.01.2026 19:00,8.65,927.30,,10.09.2025 18:00,10.09.2025 19:00,3.09,2052.92
,07.01.2026 19:00,07.01.2026 20:00,8.52,860.09,,10.09.2025 19:00,10.09.2025 20:00,3.06,1261.26
,07.01.2026 20:00,07.01.2026 21:00,8.47,728.78,,10.09.2025 20:00,10.09.2025 21:00,3.00,917.13
,07.01.2026 21:00,07.01.2026 22:00,8.35,693.96,,10.09.2025 21:00,10.09.2025 22:00,2.97,757.79
,07.01.2026 22:00,07.01.2026 23:00,8.21,679.82,,10.09.2025 22:00,10.09.2025 23:00,2.93,653.72
,07.01.2026 23:00,08.01.2026 00:00,8.07,652.53,,10.09.2025 23:00,11.09.2025 00:00,3.15,615.97
,08.01.2026 00:00,08.01.2026 01:00,7.94,623.98,,11.09.2025 00:00,11.09.2025 01:00,3.06,591.13
,08.01.2026 01:00,08.01.2026 02:00,7.89,620.83,,11.09.2025 01:00,11.09.2025 02:00,3.08,533.69
,08.01.2026 02:00,08.01.2026 03:00,7.97,631.59,,11.09.2025 02:00,11.09.2025 03:00,2.83,486.62
,08.01.2026 03:00,08.01.2026 04:00,8.04,616.27,,11.09.2025 03:00,11.09.2025 04:00,2.93,486.17
,08.01.2026 04:00,08.01.2026 05:00,8.80,637.13,,11.09.2025 04:00,11.09.2025 05:00,2.97,496.84
,08.01.2026 05:00,08.01.2026 06:00,8.70,656.73,,11.09.2025 05:00,11.09.2025 06:00,3.12,640.59
,08.01.2026 06:00,08.01.2026 07:00,8.70,731.40,,11.09.2025 06:00,11.09.2025 07:00,3.19,640.07
,08.01.2026 07:00,08.01.2026 08:00,8.26,946.85,,11.09.2025 07:00,11.09.2025 08:00,3.36,649.02
,08.01.2026 08:00,08.01.2026 09:00,8.53,1261.42,,11.09.2025 08:00,11.09.2025 09:00,3.59,474.68
,08.01.2026 09:00,08.01.2026 10:00,8.61,1440.08,,11.09.2025 09:00,11.09.2025 10:00,3.56,306.53
,08.01.2026 10:00,08.01.2026 11:00,8.36,1553.75,,11.09.2025 10:00,11.09.2025 11:00,3.66,61.40
,08.01.2026 11:00,08.01.2026 12:00,8.28,1592.46,,11.09.2025 11:00,11.09.2025 12:00,3.85,30.44
,08.01.2026 12:00,08.01.2026 13:00,8.12,1645.95,,11.09.2025 12:00,11.09.2025 13:00,3.87,22.16
,08.01.2026 13:00,08.01.2026 14:00,7.99,1765.09,,11.09.2025 13:00,11.09.2025 14:00,3.83,31.71
,08.01.2026 14:00,08.01.2026 15:00,8.22,1977.08,,11.09.2025 14:00,11.09.2025 15:00,3.43,21.04
,08.01.2026 15:00,08.01.2026 16:00,7.75,1975.83,,11.09.2025 15:00,11.09.2025 16:00,3.28,66.84
,08.01.2026 16:00,08.01.2026 17:00,7.87,1939.01,,11.09.2025 16:00,11.09.2025 17:00,3.19,507.28
,08.01.2026 17:00,08.01.2026 18:00,7.59,1747.44,,11.09.2025 17:00,11.09.2025 18:00,3.06,795.83
,08.01.2026 18:00,08.01.2026 19:00,7.83,1489.98,,11.09.2025 18:00,11.09.2025 19:00,3.21,954.88
,08.01.2026 19:00,08.01.2026 20:00,7.87,1040.51,,11.09.2025 19:00,11.09.2025 20:00,3.38,917.73
,08.01.2026 20:00,08.01.2026 21:00,7.81,763.12,,11.09.2025 20:00,11.09.2025 21:00,3.30,769.80
,08.01.2026 21:00,08.01.2026 22:00,7.70,706.01,,11.09.2025 21:00,11.09.2025 22:00,3.25,605.75
,08.01.2026 22:00,08.01.2026 23:00,7.79,677.15,,11.09.2025 22:00,11.09.2025 23:00,3.11,476.62
,08.01.2026 23:00,09.01.2026 00:00,7.61,584.83,,11.09.2025 23:00,12.09.2025 00:00,3.25,135.70
,09.01.2026 00:00,09.01.2026 01:00,7.56,589.97,,12.09.2025 00:00,12.09.2025 01:00,3.40,134.58
,09.01.2026 01:00,09.01.2026 02:00,7.56,528.16,,12.09.2025 01:00,12.09.2025 02:00,3.33,113.32
,09.01.2026 02:00,09.01.2026 03:00,7.58,428.49,,12.09.2025 02:00,12.09.2025 03:00,3.24,83.03
,09.01.2026 03:00,09.01.2026 04:00,7.80,379.85,,12.09.2025 03:00,12.09.2025 04:00,3.10,98.02
,09.01.2026 04:00,09.01.2026 05:00,8.43,362.54,,12.09.2025 04:00,12.09.2025 05:00,3.15,97.50
,09.01.2026 05:00,09.01.2026 06:00,8.43,422.70,,12.09.2025 05:00,12.09.2025 06:00,3.21,224.55
,09.01.2026 06:00,09.01.2026 07:00,8.39,542.47,,12.09.2025 06:00,12.09.2025 07:00,3.32,447.60
,09.01.2026 07:00,09.01.2026 08:00,7.83,629.87,,12.09.2025 07:00,12.09.2025 08:00,3.50,531.15
,09.01.2026 08:00,09.01.2026 09:00,8.14,668.38,,12.09.2025 08:00,12.09.2025 09:00,3.56,331.37
,09.01.2026 09:00,09.01.2026 10:00,8.39,666.07,,12.09.2025 09:00,12.09.2025 10:00,3.52,17.38
,09.01.2026 10:00,09.01.2026 11:00,8.24,701.80,,12.09.2025 10:00,12.09.2025 11:00,3.52,0.00
,09.01.2026 11:00,09.01.2026 12:00,8.02,641.02,,12.09.2025 11:00,12.09.2025 12:00,3.87,-13.65
,09.01.2026 12:00,09.01.2026 13:00,7.85,620.25,,12.09.2025 12:00,12.09.2025 13:00,3.73,-30.29
,09.01.2026 13:00,09.01.2026 14:00,7.83,619.01,,12.09.2025 13:00,12.09.2025 14:00,3.58,-14.99
,09.01.2026 14:00,09.01.2026 15:00,8.16,618.90,,12.09.2025 14:00,12.09.2025 15:00,3.24,-7.16
,09.01.2026 15:00,09.01.2026 16:00,8.10,636.91,,12.09.2025 15:00,12.09.2025 16:00,3.09,-0.07
,09.01.2026 16:00,09.01.2026 17:00,8.06,654.30,,12.09.2025 16:00,12.09.2025 17:00,3.09,385.16
,09.01.2026 17:00,09.01.2026 18:00,7.68,691.26,,12.09.2025 17:00,12.09.2025 18:00,3.05,678.04
,09.01.2026 18:00,09.01.2026 19:00,7.87,661.51,,12.09.2025 18:00,12.09.2025 19:00,3.12,895.20
,09.01.2026 19:00,09.01.2026 20:00,7.72,626.13,,12.09.2025 19:00,12.09.2025 20:00,3.18,923.55
,09.01.2026 20:00,09.01.2026 21:00,7.62,618.66,,12.09.2025 20:00,12.09.2025 21:00,3.22,768.31
,09.01.2026 21:00,09.01.2026 22:00,7.62,600.05,,12.09.2025 21:00,12.09.2025 22:00,3.23,667.67
,09.01.2026 22:00,09.01.2026 23:00,7.61,598.37,,12.09.2025 22:00,12.09.2025 23:00,3.33,539.06
,09.01.2026 23:00,10.01.2026 00:00,7.54,556.70,,12.09.2025 23:00,13.09.2025 00:00,3.32,349.43
,10.01.2026 00:00,10.01.2026 01:00,7.60,543.88,,13.09.2025 00:00,13.09.2025 01:00,3.34,257.37
,10.01.2026 01:00,10.01.2026 02:00,7.72,521.35,,13.09.2025 01:00,13.09.2025 02:00,3.29,182.02
,10.01.2026 02:00,10.01.2026 03:00,7.83,494.92,,13.09.2025 02:00,13.09.2025 03:00,3.19,146.59
,10.01.2026 03:00,10.01.2026 04:00,7.99,497.14,,13.09.2025 03:00,13.09.2025 04:00,3.10,147.04
,10.01.2026 04:00,10.01.2026 05:00,8.70,496.97,,13.09.2025 04:00,13.09.2025 05:00,3.19,141.67
,10.01.2026 05:00,10.01.2026 06:00,8.86,511.53,,13.09.2025 05:00,13.09.2025 06:00,3.37,157.33
,10.01.2026 06:00,10.01.2026 07:00,9.17,522.73,,13.09.2025 06:00,13.09.2025 07:00,3.41,272.66
,10.01.2026 07:00,10.01.2026 08:00,8.55,572.83,,13.09.2025 07:00,13.09.2025 08:00,3.55,290.94
,10.01.2026 08:00,10.01.2026 09:00,8.68,635.32,,13.09.2025 08:00,13.09.2025 09:00,4.08,276.02
,10.01.2026 09:00,10.01.2026 10:00,8.57,689.62,,13.09.2025 09:00,13.09.2025 10:00,4.04,106.68
,10.01.2026 10:00,10.01.2026 11:00,8.42,724.72,,13.09.2025 10:00,13.09.2025 11:00,3.59,17.68
,10.01.2026 11:00,10.01.2026 12:00,8.07,754.16,,13.09.2025 11:00,13.09.2025 12:00,3.46,10.15
,10.01.2026 12:00,10.01.2026 13:00,7.76,754.23,,13.09.2025 12:00,13.09.2025 13:00,3.44,9.85
,10.01.2026 13:00,10.01.2026 14:00,7.83,782.44,,13.09.2025 13:00,13.09.2025 14:00,3.24,10.22
,10.01.2026 14:00,10.01.2026 15:00,7.93,822.71,,13.09.2025 14:00,13.09.2025 15:00,3.25,0.00
,10.01.2026 15:00,10.01.2026 16:00,8.32,873.24,,13.09.2025 15:00,13.09.2025 16:00,3.33,28.94
,10.01.2026 16:00,10.01.2026 17:00,8.39,956.46,,13.09.2025 16:00,13.09.2025 17:00,3.22,469.98
,10.01.2026 17:00,10.01.2026 18:00,8.52,1042.54,,13.09.2025 17:00,13.09.2025 18:00,3.29,727.42
,10.01.2026 18:00,10.01.2026 19:00,8.09,1022.98,,13.09.2025 18:00,13.09.2025 19:00,3.30,872.30
,10.01.2026 19:00,10.01.2026 20:00,7.83,958.68,,13.09.2025 19:00,13.09.2025 20:00,3.34,886.02
,10.01.2026 20:00,10.01.2026 21:00,7.75,900.29,,13.09.2025 20:00,13.09.2025 21:00,3.36,829.33
,10.01.2026 21:00,10.01.2026 22:00,7.77,845.89,,13.09.2025 21:00,13.09.2025 22:00,3.24,746.00
,10.01.2026 22:00,10.01.2026 23:00,7.68,804.57,,13.09.2025 22:00,13.09.2025 23:00,3.22,650.36
,10.01.2026 23:00,11.01.2026 00:00,7.74,733.72,,13.09.2025 23:00,14.09.2025 00:00,3.39,639.25
,11.01.2026 00:00,11.01.2026 01:00,7.69,724.04,,14.09.2025 00:00,14.09.2025 01:00,3.43,578.67
,11.01.2026 01:00,11.01.2026 02:00,7.92,692.99,,14.09.2025 01:00,14.09.2025 02:00,3.50,601.35
,11.01.2026 02:00,11.01.2026 03:00,7.89,657.78,,14.09.2025 02:00,14.09.2025 03:00,3.33,641.04
,11.01.2026 03:00,11.01.2026 04:00,7.98,634.06,,14.09.2025 03:00,14.09.2025 04:00,3.28,699.52
,11.01.2026 04:00,11.01.2026 05:00,8.78,617.77,,14.09.2025 04:00,14.09.2025 05:00,3.39,744.66
,11.01.2026 05:00,11.01.2026 06:00,9.02,616.17,,14.09.2025 05:00,14.09.2025 06:00,3.56,751.60
,11.01.2026 06:00,11.01.2026 07:00,9.25,610.28,,14.09.2025 06:00,14.09.2025 07:00,3.60,785.99
,11.01.2026 07:00,11.01.2026 08:00,8.65,629.57,,14.09.2025 07:00,14.09.2025 08:00,3.56,809.26
,11.01.2026 08:00,11.01.2026 09:00,8.82,687.85,,14.09.2025 08:00,14.09.2025 09:00,3.64,654.84
,11.01.2026 09:00,11.01.2026 10:00,8.77,770.36,,14.09.2025 09:00,14.09.2025 10:00,3.79,460.13
,11.01.2026 10:00,11.01.2026 11:00,8.90,752.28,,14.09.2025 10:00,14.09.2025 11:00,3.72,131.15
,11.01.2026 11:00,11.01.2026 12:00,8.85,746.56,,14.09.2025 11:00,14.09.2025 12:00,3.77,48.64
,11.01.2026 12:00,11.01.2026 13:00,8.85,725.42,,14.09.2025 12:00,14.09.2025 13:00,3.66,0.07
,11.01.2026 13:00,11.01.2026 14:00,8.75,721.16,,14.09.2025 13:00,14.09.2025 14:00,3.53,0.00
,11.01.2026 14:00,11.01.2026 15:00,8.30,738.79,,14.09.2025 14:00,14.09.2025 15:00,3.25,0.00
,11.01.2026 15:00,11.01.2026 16:00,8.86,756.71,,14.09.2025 15:00,14.09.2025 16:00,3.15,144.20
,11.01.2026 16:00,11.01.2026 17:00,8.84,835.01,,14.09.2025 16:00,14.09.2025 17:00,3.11,732.57
,11.01.2026 17:00,11.01.2026 18:00,8.79,868.60,,14.09.2025 17:00,14.09.2025 18:00,3.07,927.58
,11.01.2026 18:00,11.01.2026 19:00,8.16,838.69,,14.09.2025 18:00,14.09.2025 19:00,3.11,1059.47
,11.01.2026 19:00,11.01.2026 20:00,7.98,793.56,,14.09.2025 19:00,14.09.2025 20:00,3.12,919.22
,11.01.2026 20:00,11.01.2026 21:00,8.14,717.59,,14.09.2025 20:00,14.09.2025 21:00,3.18,668.94
,11.01.2026 21:00,11.01.2026 22:00,7.93,708.68,,14.09.2025 21:00,14.09.2025 22:00,3.14,534.43
,11.01.2026 22:00,11.01.2026 23:00,8.01,692.54,,14.09.2025 22:00,14.09.2025 23:00,3.09,106.45
,11.01.2026 23:00,12.01.2026 00:00,7.93,634.73,,14.09.2025 23:00,15.09.2025 00:00,3.24,117.94
,12.01.2026 00:00,12.01.2026 01:00,8.27,584.97,,15.09.2025 00:00,15.09.2025 01:00,3.58,28.87
,12.01.2026 01:00,12.01.2026 02:00,8.56,582.54,,15.09.2025 01:00,15.09.2025 02:00,3.69,10.37
,12.01.2026 02:00,12.01.2026 03:00,8.72,583.19,,15.09.2025 02:00,15.09.2025 03:00,3.52,0.07
,12.01.2026 03:00,12.01.2026 04:00,8.80,524.30,,15.09.2025 03:00,15.09.2025 04:00,3.35,0.00
,12.01.2026 04:00,12.01.2026 05:00,9.65,535.86,,15.09.2025 04:00,15.09.2025 05:00,3.46,6.71
,12.01.2026 05:00,12.01.2026 06:00,9.81,552.61,,15.09.2025 05:00,15.09.2025 06:00,3.58,-0.45
,12.01.2026 06:00,12.01.2026 07:00,10.18,592.78,,15.09.2025 06:00,15.09.2025 07:00,3.64,0.00
,12.01.2026 07:00,12.01.2026 08:00,9.52,590.03,,15.09.2025 07:00,15.09.2025 08:00,3.62,24.92
,12.01.2026 08:00,12.01.2026 09:00,9.43,669.06,,15.09.2025 08:00,15.09.2025 09:00,3.69,17.46
,12.01.2026 09:00,12.01.2026 10:00,9.50,682.19,,15.09.2025 09:00,15.09.2025 10:00,3.76,31.93
,12.01.2026 10:00,12.01.2026 11:00,9.69,619.45,,15.09.2025 10:00,15.09.2025 11:00,4.00,3.13
,12.01.2026 11:00,12.01.2026 12:00,8.82,627.63,,15.09.2025 11:00,15.09.2025 12:00,3.73,0.00
,12.01.2026 12:00,12.01.2026 13:00,8.35,703.45,,15.09.2025 12:00,15.09.2025 13:00,3.57,-0.07
,12.01.2026 13:00,12.01.2026 14:00,8.42,759.45,,15.09.2025 13:00,15.09.2025 14:00,3.20,-0.07
,12.01.2026 14:00,12.01.2026 15:00,8.55,754.84,,15.09.2025 14:00,15.09.2025 15:00,3.13,-0.52
,12.01.2026 15:00,12.01.2026 16:00,9.12,707.21,,15.09.2025 15:00,15.09.2025 16:00,3.09,0.00
,12.01.2026 16:00,12.01.2026 17:00,9.24,843.14,,15.09.2025 16:00,15.09.2025 17:00,3.15,12.98
,12.01.2026 17:00,12.01.2026 18:00,9.60,886.73,,15.09.2025 17:00,15.09.2025 18:00,3.06,29.09
,12.01.2026 18:00,12.01.2026 19:00,9.22,865.37,,15.09.2025 18:00,15.09.2025 19:00,3.04,190.83
,12.01.2026 19:00,12.01.2026 20:00,9.25,764.65,,15.09.2025 19:00,15.09.2025 20:00,3.00,29.91
,12.01.2026 20:00,12.01.2026 21:00,9.45,697.29,,15.09.2025 20:00,15.09.2025 21:00,2.99,21.19
,12.01.2026 21:00,12.01.2026 22:00,9.61,683.20,,15.09.2025 21:00,15.09.2025 22:00,2.97,21.71
,12.01.2026 22:00,12.01.2026 23:00,9.57,672.44,,15.09.2025 22:00,15.09.2025 23:00,3.03,0.45
,12.01.2026 23:00,13.01.2026 00:00,9.42,632.02,,15.09.2025 23:00,16.09.2025 00:00,3.10,12.23
,13.01.2026 00:00,13.01.2026 01:00,9.48,629.96,,16.09.2025 00:00,16.09.2025 01:00,3.08,-0.37
,13.01.2026 01:00,13.01.2026 02:00,9.60,617.89,,16.09.2025 01:00,16.09.2025 02:00,2.95,-0.82
,13.01.2026 02:00,13.01.2026 03:00,9.64,617.86,,16.09.2025 02:00,16.09.2025 03:00,2.82,-4.18
,13.01.2026 03:00,13.01.2026 04:00,9.63,628.34,,16.09.2025 03:00,16.09.2025 04:00,2.87,0.00
,13.01.2026 04:00,13.01.2026 05:00,10.19,643.88,,16.09.2025 04:00,16.09.2025 05:00,2.86,1.42
,13.01.2026 05:00,13.01.2026 06:00,10.56,643.19,,16.09.2025 05:00,16.09.2025 06:00,2.91,17.31
,13.01.2026 06:00,13.01.2026 07:00,10.63,722.71,,16.09.2025 06:00,16.09.2025 07:00,2.94,139.35
,13.01.2026 07:00,13.01.2026 08:00,9.74,866.69,,16.09.2025 07:00,16.09.2025 08:00,3.01,179.04
,13.01.2026 08:00,13.01.2026 09:00,9.54,967.79,,16.09.2025 08:00,16.09.2025 09:00,3.24,74.60
,13.01.2026 09:00,13.01.2026 10:00,9.63,988.41,,16.09.2025 09:00,16.09.2025 10:00,3.40,21.26
,13.01.2026 10:00,13.01.2026 11:00,9.55,1060.22,,16.09.2025 10:00,16.09.2025 11:00,3.47,9.47
,13.01.2026 11:00,13.01.2026 12:00,8.74,925.48,,16.09.2025 11:00,16.09.2025 12:00,3.36,0.97
,13.01.2026 12:00,13.01.2026 13:00,7.99,879.31,,16.09.2025 12:00,16.09.2025 13:00,3.15,4.85
,13.01.2026 13:00,13.01.2026 14:00,7.78,844.21,,16.09.2025 13:00,16.09.2025 14:00,2.91,12.61
,13.01.2026 14:00,13.01.2026 15:00,7.85,913.37,,16.09.2025 14:00,16.09.2025 15:00,2.87,5.74
,13.01.2026 15:00,13.01.2026 16:00,8.47,900.54,,16.09.2025 15:00,16.09.2025 16:00,2.84,12.46
,13.01.2026 16:00,13.01.2026 17:00,8.76,908.48,,16.09.2025 16:00,16.09.2025 17:00,2.94,21.19
,13.01.2026 17:00,13.01.2026 18:00,8.97,923.64,,16.09.2025 17:00,16.09.2025 18:00,2.93,33.27
,13.01.2026 18:00,13.01.2026 19:00,8.32,835.60,,16.09.2025 18:00,16.09.2025 19:00,3.00,49.98
,13.01.2026 19:00,13.01.2026 20:00,8.40,737.43,,16.09.2025 19:00,16.09.2025 20:00,3.00,42.82
,13.01.2026 20:00,13.01.2026 21:00,8.58,679.61,,16.09.2025 20:00,16.09.2025 21:00,2.87,21.63
,13.01.2026 21:00,13.01.2026 22:00,8.54,665.85,,16.09.2025 21:00,16.09.2025 22:00,2.89,30.88
,13.01.2026 22:00,13.01.2026 23:00,8.57,652.45,,16.09.2025 22:00,16.09.2025 23:00,2.87,29.84
,13.01.2026 23:00,14.01.2026 00:00,8.47,603.25,,16.09.2025 23:00,17.09.2025 00:00,2.94,17.68
,14.01.2026 00:00,14.01.2026 01:00,8.50,639.34,,17.09.2025 00:00,17.09.2025 01:00,2.80,22.53
,14.01.2026 01:00,14.01.2026 02:00,8.50,629.87,,17.09.2025 01:00,17.09.2025 02:00,2.64,22.90
,14.01.2026 02:00,14.01.2026 03:00,8.53,641.69,,17.09.2025 02:00,17.09.2025 03:00,2.57,22.90
,14.01.2026 03:00,14.01.2026 04:00,8.69,643.82,,17.09.2025 03:00,17.09.2025 04:00,2.65,23.05
,14.01.2026 04:00,14.01.2026 05:00,9.66,654.90,,17.09.2025 04:00,17.09.2025 05:00,2.70,30.81
,14.01.2026 05:00,14.01.2026 06:00,9.87,669.92,,17.09.2025 05:00,17.09.2025 06:00,2.70,74.60
,14.01.2026 06:00,14.01.2026 07:00,10.13,696.52,,17.09.2025 06:00,17.09.2025 07:00,2.85,446.78
,14.01.2026 07:00,14.01.2026 08:00,9.52,785.63,,17.09.2025 07:00,17.09.2025 08:00,2.99,390.53
,14.01.2026 08:00,14.01.2026 09:00,9.55,963.60,,17.09.2025 08:00,17.09.2025 09:00,3.10,32.00
,14.01.2026 09:00,14.01.2026 10:00,9.30,986.57,,17.09.2025 09:00,17.09.2025 10:00,3.16,30.59
,14.01.2026 10:00,14.01.2026 11:00,9.08,870.16,,17.09.2025 10:00,17.09.2025 11:00,3.36,30.74
,14.01.2026 11:00,14.01.2026 12:00,8.78,803.49,,17.09.2025 11:00,17.09.2025 12:00,3.46,67.89
,14.01.2026 12:00,14.01.2026 13:00,8.46,773.19,,17.09.2025 12:00,17.09.2025 13:00,3.36,32.00
,14.01.2026 13:00,14.01.2026 14:00,8.40,774.12,,17.09.2025 13:00,17.09.2025 14:00,3.23,42.00
,14.01.2026 14:00,14.01.2026 15:00,8.63,859.62,,17.09.2025 14:00,17.09.2025 15:00,3.01,53.12
,14.01.2026 15:00,14.01.2026 16:00,9.18,1031.37,,17.09.2025 15:00,17.09.2025 16:00,3.06,49.91
,14.01.2026 16:00,14.01.2026 17:00,9.36,1118.16,,17.09.2025 16:00,17.09.2025 17:00,2.91,373.00
,14.01.2026 17:00,14.01.2026 18:00,9.31,1632.99,,17.09.2025 17:00,17.09.2025 18:00,3.02,692.06
,14.01.2026 18:00,14.01.2026 19:00,8.65,1351.03,,17.09.2025 18:00,17.09.2025 19:00,3.09,866.93
,14.01.2026 19:00,14.01.2026 20:00,8.52,1182.25,,17.09.2025 19:00,17.09.2025 20:00,3.06,826.49
,14.01.2026 20:00,14.01.2026 21:00,8.47,968.32,,17.09.2025 20:00,17.09.2025 21:00,3.00,677.52
,14.01.2026 21:00,14.01.2026 22:00,8.35,820.13,,17.09.2025 21:00,17.09.2025 22:00,2.97,568.45
,14.01.2026 22:00,14.01.2026 23:00,8.21,772.81,,17.09.2025 22:00,17.09.2025 23:00,2.93,447.60
,14.01.2026 23:00,15.01.2026 00:00,8.07,724.00,,17.09.2025 23:00,18.09.2025 00:00,3.15,257.44
,15.01.2026 00:00,15.01.2026 01:00,7.94,751.81,,18.09.2025 00:00,18.09.2025 01:00,3.06,206.64
,15.01.2026 01:00,15.01.2026 02:00,7.89,702.73,,18.09.2025 01:00,18.09.2025 02:00,3.08,145.32
,15.01.2026 02:00,15.01.2026 03:00,7.97,667.56,,18.09.2025 02:00,18.09.2025 03:00,2.83,107.57
,15.01.2026 03:00,15.01.2026 04:00,8.04,633.69,,18.09.2025 03:00,18.09.2025 04:00,2.93,67.74
,15.01.2026 04:00,15.01.2026 05:00,8.80,619.66,,18.09.2025 04:00,18.09.2025 05:00,2.97,67.89
,15.01.2026 05:00,15.01.2026 06:00,8.70,645.91,,18.09.2025 05:00,18.09.2025 06:00,3.12,336.15
,15.01.2026 06:00,15.01.2026 07:00,8.70,717.21,,18.09.2025 06:00,18.09.2025 07:00,3.19,598.29
,15.01.2026 07:00,15.01.2026 08:00,8.26,771.08,,18.09.2025 07:00,18.09.2025 08:00,3.36,686.32
,15.01.2026 08:00,15.01.2026 09:00,8.53,763.72,,18.09.2025 08:00,18.09.2025 09:00,3.59,544.13
,15.01.2026 09:00,15.01.2026 10:00,8.61,756.49,,18.09.2025 09:00,18.09.2025 10:00,3.56,389.71
,15.01.2026 10:00,15.01.2026 11:00,8.36,747.25,,18.09.2025 10:00,18.09.2025 11:00,3.66,43.94
,15.01.2026 11:00,15.01.2026 12:00,8.28,731.24,,18.09.2025 11:00,18.09.2025 12:00,3.85,17.61
,15.01.2026 12:00,15.01.2026 13:00,8.12,711.96,,18.09.2025 12:00,18.09.2025 13:00,3.87,16.56
,15.01.2026 13:00,15.01.2026 14:00,7.99,751.81,,18.09.2025 13:00,18.09.2025 14:00,3.83,14.92
,15.01.2026 14:00,15.01.2026 15:00,8.22,789.39,,18.09.2025 14:00,18.09.2025 15:00,3.43,17.46
,15.01.2026 15:00,15.01.2026 16:00,7.75,919.78,,18.09.2025 15:00,18.09.2025 16:00,3.28,114.21
,15.01.2026 16:00,15.01.2026 17:00,7.87,1009.80,,18.09.2025 16:00,18.09.2025 17:00,3.19,372.25
,15.01.2026 17:00,15.01.2026 18:00,7.59,1087.15,,18.09.2025 17:00,18.09.2025 18:00,3.06,591.13
,15.01.2026 18:00,15.01.2026 19:00,7.83,894.75,,18.09.2025 18:00,18.09.2025 19:00,3.21,734.51
,15.01.2026 19:00,15.01.2026 20:00,7.87,788.25,,18.09.2025 19:00,18.09.2025 20:00,3.38,111.90
,15.01.2026 20:00,15.01.2026 21:00,7.81,731.05,,18.09.2025 20:00,18.09.2025 21:00,3.30,67.51
,15.01.2026 21:00,15.01.2026 22:00,7.70,679.36,,18.09.2025 21:00,18.09.2025 22:00,3.25,42.75
,15.01.2026 22:00,15.01.2026 23:00,7.79,658.95,,18.09.2025 22:00,18.09.2025 23:00,3.11,29.84
,15.01.2026 23:00,16.01.2026 00:00,7.61,606.40,,18.09.2025 23:00,19.09.2025 00:00,3.25,12.53
,16.01.2026 00:00,16.01.2026 01:00,7.56,605.00,,19.09.2025 00:00,19.09.2025 01:00,3.40,51.03
,16.01.2026 01:00,16.01.2026 02:00,7.56,560.38,,19.09.2025 01:00,19.09.2025 02:00,3.33,26.86
,16.01.2026 02:00,16.01.2026 03:00,7.58,527.17,,19.09.2025 02:00,19.09.2025 03:00,3.24,47.67
,16.01.2026 03:00,16.01.2026 04:00,7.80,502.32,,19.09.2025 03:00,19.09.2025 04:00,3.10,61.10
,16.01.2026 04:00,16.01.2026 05:00,8.43,529.05,,19.09.2025 04:00,19.09.2025 05:00,3.15,253.86
,16.01.2026 05:00,16.01.2026 06:00,8.43,464.57,,19.09.2025 05:00,19.09.2025 06:00,3.21,417.76
,16.01.2026 06:00,16.01.2026 07:00,8.39,461.77,,19.09.2025 06:00,19.09.2025 07:00,3.32,663.94
,16.01.2026 07:00,16.01.2026 08:00,7.83,556.92,,19.09.2025 07:00,19.09.2025 08:00,3.50,775.62
,16.01.2026 08:00,16.01.2026 09:00,8.14,478.34,,19.09.2025 08:00,19.09.2025 09:00,3.56,710.04
,16.01.2026 09:00,16.01.2026 10:00,8.39,418.30,,19.09.2025 09:00,19.09.2025 10:00,3.52,400.60
,16.01.2026 10:00,16.01.2026 11:00,8.24,464.67,,19.09.2025 10:00,19.09.2025 11:00,3.52,97.20
,16.01.2026 11:00,16.01.2026 12:00,8.02,551.09,,19.09.2025 11:00,19.09.2025 12:00,3.87,17.61
,16.01.2026 12:00,16.01.2026 13:00,7.85,626.11,,19.09.2025 12:00,19.09.2025 13:00,3.73,18.13
,16.01.2026 13:00,16.01.2026 14:00,7.83,690.81,,19.09.2025 13:00,19.09.2025 14:00,3.58,16.26
,16.01.2026 14:00,16.01.2026 15:00,8.16,759.59,,19.09.2025 14:00,19.09.2025 15:00,3.24,89.30
,16.01.2026 15:00,16.01.2026 16:00,8.10,859.32,,19.09.2025 15:00,19.09.2025 16:00,3.09,371.81
,16.01.2026 16:00,16.01.2026 17:00,8.06,931.31,,19.09.2025 16:00,19.09.2025 17:00,3.09,632.46
,16.01.2026 17:00,16.01.2026 18:00,7.68,1080.00,,19.09.2025 17:00,19.09.2025 18:00,3.05,768.38
,16.01.2026 18:00,16.01.2026 19:00,7.87,1206.94,,19.09.2025 18:00,19.09.2025 19:00,3.12,1054.84
,16.01.2026 19:00,16.01.2026 20:00,7.72,1156.66,,19.09.2025 19:00,19.09.2025 20:00,3.18,1064.54
,16.01.2026 20:00,16.01.2026 21:00,7.62,998.67,,19.09.2025 20:00,19.09.2025 21:00,3.22,834.18
,16.01.2026 21:00,16.01.2026 22:00,7.62,878.77,,19.09.2025 21:00,19.09.2025 22:00,3.23,641.86
,16.01.2026 22:00,16.01.2026 23:00,7.61,879.46,,19.09.2025 22:00,19.09.2025 23:00,3.33,588.82
,16.01.2026 23:00,17.01.2026 00:00,7.54,778.33,,19.09.2025 23:00,20.09.2025 00:00,3.32,650.81
,17.01.2026 00:00,17.01.2026 01:00,7.60,781.90,,20.09.2025 00:00,20.09.2025 01:00,3.34,581.21
,17.01.2026 01:00,17.01.2026 02:00,7.72,756.71,,20.09.2025 01:00,20.09.2025 02:00,3.29,559.43
,17.01.2026 02:00,17.01.2026 03:00,7.83,733.90,,20.09.2025 02:00,20.09.2025 03:00,3.19,558.01
,17.01.2026 03:00,17.01.2026 04:00,7.99,718.23,,20.09.2025 03:00,20.09.2025 04:00,3.10,557.93
,17.01.2026 04:00,17.01.2026 05:00,8.70,711.14,,20.09.2025 04:00,20.09.2025 05:00,3.19,598.37
,17.01.2026 05:00,17.01.2026 06:00,8.86,711.55,,20.09.2025 05:00,20.09.2025 06:00,3.37,660.28
,17.01.2026 06:00,17.01.2026 07:00,9.17,716.10,,20.09.2025 06:00,20.09.2025 07:00,3.41,648.80
,17.01.2026 07:00,17.01.2026 08:00,8.55,741.02,,20.09.2025 07:00,20.09.2025 08:00,3.55,561.66
,17.01.2026 08:00,17.01.2026 09:00,8.68,791.69,,20.09.2025 08:00,20.09.2025 09:00,4.08,185.75
,17.01.2026 09:00,17.01.2026 10:00,8.57,871.52,,20.09.2025 09:00,20.09.2025 10:00,4.04,22.53
,17.01.2026 10:00,17.01.2026 11:00,8.42,859.90,,20.09.2025 10:00,20.09.2025 11:00,3.59,14.92
,17.01.2026 11:00,17.01.2026 12:00,8.07,833.81,,20.09.2025 11:00,20.09.2025 12:00,3.46,11.86
,17.01.2026 12:00,17.01.2026 13:00,7.76,836.35,,20.09.2025 12:00,20.09.2025 13:00,3.44,1.87
,17.01.2026 13:00,17.01.2026 14:00,7.83,811.64,,20.09.2025 13:00,20.09.2025 14:00,3.24,0.60
,17.01.2026 14:00,17.01.2026 15:00,7.93,842.85,,20.09.2025 14:00,20.09.2025 15:00,3.25,10.67
,17.01.2026 15:00,17.01.2026 16:00,8.32,917.20,,20.09.2025 15:00,20.09.2025 16:00,3.33,196.65
,17.01.2026 16:00,17.01.2026 17:00,8.39,1014.36,,20.09.2025 16:00,20.09.2025 17:00,3.22,700.05
,17.01.2026 17:00,17.01.2026 18:00,8.52,1052.74,,20.09.2025 17:00,20.09.2025 18:00,3.29,915.57
,17.01.2026 18:00,17.01.2026 19:00,8.09,1073.07,,20.09.2025 18:00,20.09.2025 19:00,3.30,959.51
,17.01.2026 19:00,17.01.2026 20:00,7.83,1035.37,,20.09.2025 19:00,20.09.2025 20:00,3.34,739.14
,17.01.2026 20:00,17.01.2026 21:00,7.75,895.85,,20.09.2025 20:00,20.09.2025 21:00,3.36,611.35
,17.01.2026 21:00,17.01.2026 22:00,7.77,805.40,,20.09.2025 21:00,20.09.2025 22:00,3.24,522.65
,17.01.2026 22:00,17.01.2026 23:00,7.68,815.21,,20.09.2025 22:00,20.09.2025 23:00,3.22,352.19
,17.01.2026 23:00,18.01.2026 00:00,7.74,799.55,,20.09.2025 23:00,21.09.2025 00:00,3.39,60.20
,18.01.2026 00:00,18.01.2026 01:00,7.69,827.12,,21.09.2025 00:00,21.09.2025 01:00,3.43,27.60
,18.01.2026 01:00,18.01.2026 02:00,7.92,815.73,,21.09.2025 01:00,21.09.2025 02:00,3.50,25.36
,18.01.2026 02:00,18.01.2026 03:00,7.89,802.28,,21.09.2025 02:00,21.09.2025 03:00,3.33,12.31
,18.01.2026 03:00,18.01.2026 04:00,7.98,766.05,,21.09.2025 03:00,21.09.2025 04:00,3.28,12.09
,18.01.2026 04:00,18.01.2026 05:00,8.78,763.77,,21.09.2025 04:00,21.09.2025 05:00,3.39,-0.07
,18.01.2026 05:00,18.01.2026 06:00,9.02,762.61,,21.09.2025 05:00,21.09.2025 06:00,3.56,-0.07
,18.01.2026 06:00,18.01.2026 07:00,9.25,754.47,,21.09.2025 06:00,21.09.2025 07:00,3.60,7.76
,18.01.2026 07:00,18.01.2026 08:00,8.65,749.48,,21.09.2025 07:00,21.09.2025 08:00,3.56,22.45
,18.01.2026 08:00,18.01.2026 09:00,8.82,787.67,,21.09.2025 08:00,21.09.2025 09:00,3.64,9.77
,18.01.2026 09:00,18.01.2026 10:00,8.77,802.41,,21.09.2025 09:00,21.09.2025 10:00,3.79,0.00
,18.01.2026 10:00,18.01.2026 11:00,8.90,761.34,,21.09.2025 10:00,21.09.2025 11:00,3.72,-0.67
,18.01.2026 11:00,18.01.2026 12:00,8.85,735.73,,21.09.2025 11:00,21.09.2025 12:00,3.77,-8.95
,18.01.2026 12:00,18.01.2026 13:00,8.85,723.57,,21.09.2025 12:00,21.09.2025 13:00,3.66,-12.01
,18.01.2026 13:00,18.01.2026 14:00,8.75,724.38,,21.09.2025 13:00,21.09.2025 14:00,3.53,-9.77
,18.01.2026 14:00,18.01.2026 15:00,8.30,753.38,,21.09.2025 14:00,21.09.2025 15:00,3.25,-0.07
,18.01.2026 15:00,18.01.2026 16:00,8.86,788.53,,21.09.2025 15:00,21.09.2025 16:00,3.15,2.01
,18.01.2026 16:00,18.01.2026 17:00,8.84,858.20,,21.09.2025 16:00,21.09.2025 17:00,3.11,22.75
,18.01.2026 17:00,18.01.2026 18:00,8.79,971.13,,21.09.2025 17:00,21.09.2025 18:00,3.07,32.08
,18.01.2026 18:00,18.01.2026 19:00,8.16,1056.69,,21.09.2025 18:00,21.09.2025 19:00,3.11,521.75
,18.01.2026 19:00,18.01.2026 20:00,7.98,924.76,,21.09.2025 19:00,21.09.2025 20:00,3.12,301.38
,18.01.2026 20:00,18.01.2026 21:00,8.14,866.00,,21.09.2025 20:00,21.09.2025 21:00,3.18,313.25
,18.01.2026 21:00,18.01.2026 22:00,7.93,799.27,,21.09.2025 21:00,21.09.2025 22:00,3.14,104.96
,18.01.2026 22:00,18.01.2026 23:00,8.01,797.03,,21.09.2025 22:00,21.09.2025 23:00,3.09,149.57
,18.01.2026 23:00,19.01.2026 00:00,7.93,774.95,,21.09.2025 23:00,22.09.2025 00:00,3.24,22.90
